type,name,link,img,price,sale,properties1,properties2,properties3,properties4,properties5,properties6
key,Royal Kludge RK N80,https://s.shopee.vn/AKGXaowy01,https://down-vn.img.susercontent.com/file/cn-11134207-7r98o-ly21cv1ta3ojc4,2tr,,Nhựa,Mạch xuôi & ngược,75%,RGBs,1-3mode,Có núm
key,XinMeng M87 giá rẻ,https://shope.ee/9A1Yf4LHDZ,https://down-vn.img.susercontent.com/file/vn-11134207-7r98o-lw3k79v7ag2h9f,700k,(bestseller),Nhựa,Mạch xuôi,TKL 85%,RGBs,3mode,
key,Bàn phím cơ Aula F87,https://s.shopee.vn/7KcvzTk3CI,https://down-vn.img.susercontent.com/file/vn-11134207-7r98o-lxkp37b0jcgr5e,999k,,Nhựa,Mạch xuôi & ngược,TKL 85%,RGBs,1-3mode,
key,LEOBOG Hi75,https://s.shopee.vn/50F1DbVA9y,https://down-vn.img.susercontent.com/file/vn-11134211-7r98o-luiskpule2p19e,1tr4,,Nhôm,Mạch xuôi,75%,RGBs,1mode,
key,Bàn phím cơ Gamming Aukey KM-G12,https://s.shopee.vn/AKGCpctGdB,https://down-vn.img.susercontent.com/file/vn-11134201-23020-zm7zuis0o1nv9d,350k,,Nhựa,Mạch ngược,Full size,Rainbow,1mode,
key,Bàn phím phẳng Jomaa Bluetooth 3 kênh siêu mỏng có thể gập gọn,https://s.shopee.vn/3VQOESOlrn,https://down-vn.img.susercontent.com/file/sg-11134201-22110-0n4zzd7movjv78,700k,,Nhựa,,,,3mpde,
key,XinMeng XM-M71 Ver 2,https://s.shopee.vn/50F1E1XW1z,https://down-vn.img.susercontent.com/file/vn-11134207-7r98o-lmhcqapseevze4,1tr350,,Nhôm,Mạch xuôi,65%,RGBs,3mode,
key,AULA M75,https://s.shopee.vn/7AJVo9hySM,https://down-vn.img.susercontent.com/file/sg-11134201-7rd3p-lx75g4keqw0a47,1tr6,,Nhôm,Mạch xuôi,75%,RGBs,3mode,
key,Monka K75 ,https://s.shopee.vn/5po8E1Rher,https://down-vn.img.susercontent.com/file/vn-11134207-7r98o-lwjj8tmxzlqz56,1tr,,Nhựa,Mạch xuôi,75%,RGBs,3mode,
key,Dark Alien R65,https://s.shopee.vn/3q33qTA9hr,https://down-vn.img.susercontent.com/file/vn-11134207-7r98o-lx6m6ygkdfbt23,1tr2,,Nhôm,Mạch xuôi,65%,RGBs,3mode,
key,Dark Alien R83,https://s.shopee.vn/8AC30cSsjC,https://down-vn.img.susercontent.com/file/vn-11134207-7r98o-lulzqprf4i6q7c,1tr3,,Nhôm,Mạch xuôi,75%,RGBs,3mode,
key,K68BT Trục Cơ Red Switch,https://shope.ee/7zowf5eJ1J,https://down-vn.img.susercontent.com/file/vn-11134207-7r98o-lvv66wy32l0b7f,429k,(bestseller),Nhựa,Mạch ngược,65%,Không,3mode,
key,ZA641 pro - Red swtich Có Hotswap,https://s.shopee.vn/3VQDTU151v,https://down-vn.img.susercontent.com/file/vn-11134207-7r98o-ln0u2fzq6qc8d1,429k,,Nhựa,Mạch ngược,65%,Rainbow,3mode,
key,Bàn Phím Razer BlackWidow V3 Tenkeyless,https://s.shopee.vn/6V3UHmiaCH,https://down-vn.img.susercontent.com/file/vn-11134207-7r98o-lq0bs6az1ph3a3,1tr6,( GAMING ),Nhựa,Mạch xuôi,TKL 85%,Không rõ,3mode,
,,,,,,,,,,,
key,XinMeng M75 ,https://s.shopee.vn/7fF1koeqDh,https://down-vn.img.susercontent.com/file/vn-11134207-7r98o-ltdlroi5mkzo3e,900k,(bestseller),Nhựa,Mạch xuôi,75%,RGBs,3mode,
key,Hàng Chính Hãng Rainy 75 ,https://shope.ee/8pO4TxIUGm,https://down-vn.img.susercontent.com/file/vn-11134207-7r98o-lp7z6w52uz4ef1,2tr,(bestseller),Nhựa,Mạch xuôi,75%,RGBs,3mode,
key,Bàn phím cơ Lofree Flow 84 keys và 100 keys nhôm CNC,https://s.shopee.vn/5fUNGhbWDU,https://down-vn.img.susercontent.com/file/vn-11134207-7r98o-lwr2e95zhvx573,2tr7,,Nhôm,Mạch xuôi,75%,RGBs,3mode,
key,Bàn Phím Cơ Gaming - AKKO MOD007 v3 HE Year Of Dragon,https://s.shopee.vn/5VAx3rC1Vn,https://down-vn.img.susercontent.com/file/vn-11134207-7r98o-lwsd9gn8mgnv90,4tr,,Nhôm,Mạch xuôi,75%,RGBs,3mode,
key,Furycube F75s,https://s.shopee.vn/50EgTB8HQj,https://down-vn.img.susercontent.com/file/vn-11134207-7r98o-lwoa9a69gc7t76,1tr900k,,Nhôm,Mạch xuôi,75%,RGBs,3mode,Có núm
key,Aula f75 giá rẻ,https://s.shopee.vn/B9QhgFhVA,https://down-vn.img.susercontent.com/file/vn-11134207-7r98o-lvz9amyjofyzde,800k,(bestseller),Nhựa,Mạch xuôi,75%,RGBs,3mode,
key,Phím cơ giá rẻ,https://shope.ee/9UeP4SdwO9,https://down-vn.img.susercontent.com/file/vn-11134207-7r98o-lnb7ccqj2bql1b,300k,(bestseller),Nhựa,Mạch,TKL 85%,Rainbow,3mode,
key,Monka 3067,https://s.shopee.vn/4puqN3H293,https://down-vn.img.susercontent.com/file/vn-11134207-7r98o-lngneir3a456e5,800k,(bestseller),Nhựa,Mạch xuôi,65%,RGBs,3mode,
key,MONKA 3075 pro ver 2 - 3 mode kết nối - Mạch xuôi - Led RGB- có màn LED Custom,https://shope.ee/6fJXd5rB9e,https://down-vn.img.susercontent.com/file/vn-11134207-7r98o-lodi6s8t4s1f61,1tr250,(bestseller),Nhựa,Mạch xuôi,75%,RGBs,3mode,
key,ZA63 Pro -Trục cơ Linear Hotswap 5 Pin - Pin sạc - LEG RGB cả phím và body - APP riêng,https://shope.ee/9pGT5TStNF,https://down-vn.img.susercontent.com/file/vn-11134207-7r98o-lowwy097bpej7c,550k,(bestseller),Nhựa,Mạch xuôi,65%,RGBs,3mode,
key,XinMeng M71 Ver 2 khung nhôm CNC 3 modes mạch xuôi gasket mount hotswap led rgb bảo hành 6 tháng,https://shope.ee/8KRn4cG0nA,https://down-vn.img.susercontent.com/file/vn-11134207-7r98o-lmhcqapsd04fba,1tr350,(bestseller),Nhôm,Mạch,75%,RGBs,3mode,
key,Phím Cơ Gaming K3 Red Switch Full Size Red Switch,https://shope.ee/5KoKNSSFim,https://down-vn.img.susercontent.com/file/vn-11134207-7r98o-lmzgv9las15r02,470k,(bestseller),Nhựa,Mạch,Full size,RGBs,3mode,
key,AkkoMG108B  3mode,https://shope.ee/9UdkSlBZQJ,https://down-vn.img.susercontent.com/file/vn-11134207-7r98o-lqxnw34m1zmhfd,1tr2,,Nhựa,Mạch,Full size,RGBs,3mode,
key, Bàn phím cơ CMK75 Chính Hãng có màn hình,https://shope.ee/9za13g9fPS,https://down-vn.img.susercontent.com/file/vn-11134207-7r98o-ln9lqvsbc8y2c1,1tr7,,Nhựa,Mạch,75%,RGBs,3mode,
key,Bàn Phím Cơ Máy Tính Crack K2 PRO,https://shope.ee/8UlDG0cP0Q,https://down-vn.img.susercontent.com/file/vn-11134207-7r98o-lvl9lctiz9u9dc,355k,,Nhựa,,TKL 85%,RGBs,1mode,
key,Bàn phím cơ DAREU A87 shop mall,https://shope.ee/2VU9PsHnkY,https://down-vn.img.susercontent.com/file/c7e64672d4c076339a173e0ed65d6e51,2tr2,,Nhựa,Mạch,TKL 85%,RGBs,không rõ,
key,EK75 - Bàn phím cơ DAREU EK75 / EK75 PRO,https://shope.ee/7AFyy2jjho,https://down-vn.img.susercontent.com/file/vn-11134207-7r98o-lpw6dft1sy4y89,600k/1tr,,Nhựa,Mạch,75%,RGBs,không rõ,
key,Bàn Phím Cơ EDRA EK387 Led Rainbow,https://shope.ee/1VbVGOm4FF,https://down-vn.img.susercontent.com/file/3d3537fece9a69dee61d332708f9c386,800k,,Nhựa,Mạch,TKL 85%,Không rõ,không rõ,
key,Bàn Phím Cơ Infi 100 Nhôm CNC ,https://shope.ee/20Xo4liN6W,https://down-vn.img.susercontent.com/file/vn-11134207-7r98o-lqzr2b376b2xf8,2tr4,,Nhôm,Mạch xuôi,Full size,RGBs,3mode,
key,Bàn Phím Cơ Custom Rainy 75 ,https://shope.ee/9exJTrv6FV,https://down-vn.img.susercontent.com/file/vn-11134207-7r98o-lsa7njcoa8bd9d,2tr2,,Nhôm,Mạch xuôi,75%,RGBs,3mode,
key,Vỏ Gỗ Bàn Phím Cơ TU40%,https://shope.ee/6zwYGxpPjj,https://down-vn.img.susercontent.com/file/vn-11134207-7r98o-lq48zyhf14nmc9,700k,,Nhôm,Mạch xuôi,65%,Rainbow,3mode,
key, RK M75,https://shope.ee/6zwO1hpuTg,https://down-vn.img.susercontent.com/file/vn-11134207-7r98o-lulxt658o36t4a,1tr3,,Nhựa,Mạch xuôi,75%,Rainbow,3mode,
key,ROYAL KLUDGE RK918  RK919 PRO,https://shope.ee/8f4jqTsyLR,https://down-vn.img.susercontent.com/file/vn-11134207-7qukw-lkg8q8a6f7h8a3,1tr,,Nhựa,Mạch xuôi,Layout,Rainbow,3mode,
key,XinMeng M87 và M98 tại,https://s.shopee.vn/5Kr6xpW28y,https://down-vn.img.susercontent.com/file/vn-11134207-7r98o-lngneir3ijjue7,900k,(bestseller),Nhựa,Mạch xuôi,Layout,Rainbow,3mode,
,,,,,,,,,,,
key_wait,Valkyrie VK87,https://shope.ee/9pGhCWfitD,https://down-vn.img.susercontent.com/file/cn-11134207-7r98o-lr4ageba6qql30,,,Nhựa,Mạch,Layout,Rainbow,mode,
key_hethang,VGNN75,https://shope.ee/6pcxpOqXoh,https://down-vn.img.susercontent.com/file/vn-11134207-7qukw-lj7zq9xp2x3gd8,,,Nhựa,Mạch,Layout,Rainbow,mode,
key_hethang,XinMeng M67 ,https://shope.ee/6fJfRDW3Jp,https://down-vn.img.susercontent.com/file/vn-11134207-7r98o-ln9g1i9wf31v7c,(hết hàng),,Nhôm,Mạch,Layout,Rainbow,mode,
,,,,,,,Mạch,Layout,Rainbow,mode,
,,,,,,,,,,,
key_wait,sugar65,https://shope.ee/9KKKGSCClG,https://down-vn.img.susercontent.com/file/vn-11134207-7r98o-lq8rjiz1bcgi24,,,Nhựa,Mạch,Layout,Rainbow,mode,
key_null,RK R75 1-3mode,https://shope.ee/4AcEw4ewzK,,,,Nhựa,Mạch xuôi,75%,RGBs,3mode,
key_null,Rk61,https://shope.ee/8A8UREp06b,,,,Nhựa,Mạch,Layout,Rainbow,mode,
,,,,,,,,,,,
,,,,,,,Mạch,Layout,Rainbow,mode,
,,,,,,,Mạch,Layout,Rainbow,mode,
,,,,,,,Mạch,Layout,Rainbow,mode,
,,,,,,,Mạch,Layout,Rainbow,mode,
keycap,Phím Sương Mù Trong Suốt Matte Milky White,https://s.shopee.vn/8zkMERTfSH,https://down-vn.img.susercontent.com/file/sg-11134201-7rcda-lsb5ar9j4csycf,579k,(bestseller),,,,,,
keycap,Keycap Genshin Impact Furina Focalors thick PBT xuyên led,https://s.shopee.vn/6pgKiIDFN7,https://down-vn.img.susercontent.com/file/vn-11134207-7r98o-lqhphjv7k3bme0,500k,,,,,,,
keycap,Keycap Dragon Ball song ngữ Nhật Songoku PBT profile Cherry,https://s.shopee.vn/6V3UJnOooz,https://down-vn.img.susercontent.com/file/vn-11134201-23020-jayw4v07w2nv36,330k,,,,,,,
keycap,KEYCAP bóc phím các loại NEW chưa gõ,https://s.shopee.vn/4VHzzN7w3B,https://down-vn.img.susercontent.com/file/vn-11134207-7r98o-lu5fiy2vhpnjf0,> 80k,(bestseller),,,,,,
keycap,Bộ Keycap Nhựa PBT Cao Cấp Nút Phím Lắp Cho Bàn Phím Cơ Hơn 50 Mẫu Đa Dạng Profile XDA OEM Cherry,https://shope.ee/10fGsjiINB,https://down-vn.img.susercontent.com/file/sg-11134201-23010-misoh6086vlv14,178k,(bestseller),,,,,,
keycap,Keycap xuyên led ABS/PBT Doubleshot Profile OEM nhiều màu sắc,https://shope.ee/6pd0784gxG,https://down-vn.img.susercontent.com/file/vn-11134207-7r98o-ltcc56uwnxdw5b,47k-100k,(bestseller),,,,,,
keycap,Bộ Keycap PBT profile XDA MOA  Shimmer  Matcha  in Dyesub dùng được với đa số bàn phím cơ,https://shope.ee/7UsiRrYlMX,https://down-vn.img.susercontent.com/file/sg-11134201-22120-cg642gx5tmkveb,>159k,(bestseller),,,,,,
keycap,Keycap Mèo Con Trong Hộp Cute,https://shope.ee/LPU8IW3Fp,https://down-vn.img.susercontent.com/file/sg-11134201-23020-jiq42vwnhhnv4b,20k,,,,,,,
,,,,,,,,,,,
keycap,keycap xuyên led aula f75,https://shope.ee/6zwHiOedl7,https://down-vn.img.susercontent.com/file/cn-11134207-7r98o-lv08tp4pcix947,279k,,,,,,,
keycap,Keycap xuyên led mạch xuôi gradient cherry profile nhựa pbt doubleshot dùng cho mạch xuôi ,https://shope.ee/5fR57DjU5M,https://down-vn.img.susercontent.com/file/vn-11134207-7r98o-lw2u8v2flkntb2,299k,,,,,,,
keycap,keycap pudding PBT double shot 129 phím xuyên led,https://shope.ee/4pry7KQoXn,https://down-vn.img.susercontent.com/file/vn-11134207-7qukw-ljciygprerd8a7,165k,,,,,,,
keycap,Keycap Gấu Hoạt Hình Dễ Thương Gấu Keycap 133 Phím XDA,https://shope.ee/8A8MrOdfgK,https://down-vn.img.susercontent.com/file/sg-11134201-7rbmr-llvuj6aege6oaa,288k,,,,,,,
keycap,Keycap CMK Botanical First Love Darling Carbon Jamon Yeeti Frost Witch Toxic profile cherry ,https://shope.ee/AKCrSI8OjU,https://down-vn.img.susercontent.com/file/vn-11134207-7r98o-lov86m4iedzvde,299k,,,,,,,
keycap,Bộ Keycap OEM Xuyên LED  mạch xuôi,https://shope.ee/7fCJwW4f06,https://down-vn.img.susercontent.com/file/vn-11134207-7r98o-lln3nwp52y7w88,169k,,,,,,,
,,,,,,,,,,,
,,,,,,,,,,,
kit,Bộ kit bàn phím cơ Tester68 V2 CIY GK68 hot swap 2 mode kết nối wireless Bluetooth 5.0,https://shope.ee/9Udy8NpYg2,https://down-vn.img.susercontent.com/file/vn-11134207-7qukw-lg6uh9z6s3jrbf,379k,,,,,,,
kit,Kit bàn phím cơ RECORD ALICE v2 3 mode kết nối RGB ,https://s.shopee.vn/AUZd4d0WDl,https://down-vn.img.susercontent.com/file/vn-11134207-7r98o-lwu76rqqun6h17,1tr6,,,,,,,
kit,Kit bàn phím cơ lucky 65 nhôm cnc 3 mode kết nối mạch xuôi,https://s.shopee.vn/10iXkxSBdL,https://down-vn.img.susercontent.com/file/vn-11134207-7r98o-lwbq2b0gkq8re6,1tr ,,,,,,,
kit,KIT bàn phím cơ MonsGeek MG108W White (Dual Mode / Hotswap 5 pin,https://s.shopee.vn/7AJB6QFED7,https://down-vn.img.susercontent.com/file/vn-11134207-7qukw-lg7rumnzr8jb13,760k,,,,,,,
kit,kit GMK67,https://shope.ee/5AVPvLdZ7O,https://down-vn.img.susercontent.com/file/vn-11134207-7qukw-lk2rlwsy0m9g2b,849k,,,,,,,
key,MonsGeek M1W / M1W SP,https://s.shopee.vn/9zdhCh3zVx,https://down-vn.img.susercontent.com/file/vn-11134207-7r98o-lpn9pktz5ie3aa,1tr6,,Nhôm,Mạch xuôi,75%,RGBs,3mode,
kit,Bàn Phím Cơ aula leobog hi8 75% 80 Phím khung nhôm,https://shope.ee/3L3KlgYEuB,https://down-vn.img.susercontent.com/file/cn-11134207-7r98o-lpengaxl025305,2tr1,,,,,,,
kit,Kit XinMeng A66,https://s.shopee.vn/607DiViGKT,https://down-vn.img.susercontent.com/file/vn-11134207-7r98o-lm8f3u9a39pbe8,1tr450,,,,,,,
kit,Kit bàn phím cơ Everglide sk98 có plate alu\pc kèm stab EG| Tom980 | Tm980 ,https://shope.ee/8UlQwID1la,https://down-vn.img.susercontent.com/file/vn-11134207-7r98o-lvacau7kuaode5,>600k,,,,,,,
kit,Kit bàn phím TOM72 3 mode led RGB giá rẻ,https://shope.ee/A9tevHdZLk,https://down-vn.img.susercontent.com/file/vn-11134207-7qukw-lisz1c3lmbbme4,469k,,,,,,,
kit1,kit GMK67 / GMK67S,https://shope.ee/7zp8ZVGnVx,https://down-vn.img.susercontent.com/file/vn-11134207-7qukw-lhllc2r1tfpd95,850k,,,hanoi,,,,
kit_hethang,KIT bàn phím cơ không dây MK750 | 3 modes | Hotswap | Mạch xuôi | Hàng chính hãng,https://shope.ee/9A10VfY5O1,https://down-vn.img.susercontent.com/file/sg-11134201-23010-i8tl4mkbizlv99,1tr5,,,,,,,
,,,,,,,,,,,
kit_hethang,kit MonsGeek MG75 2mode,https://shope.ee/8UlDGvFNSD,https://down-vn.img.susercontent.com/file/vn-11134207-7qukw-ljs60x4al7ecac,640k,,,,,,,
,,,,,,,,,,,
kit,Kit Bàn phím cơ Custom KBDFans Tofu65 2.0 | Nhôm | Gasket Mount | Top Mount | Hotswap | TOFU,https://shope.ee/2LAlDCWmMI,https://down-vn.img.susercontent.com/file/vn-11134207-7r98o-lnfe4ggpqqnub5,4tr3,,,,,,,
kit_hethang,BÀN PHÍM CƠ KIT Weikav WK870 Nhôm CNC Mạch xuôi,https://shope.ee/7pVeXdaUaa,https://down-vn.img.susercontent.com/file/vn-11134207-7qukw-lhg7nan3joht1c,900k,,,,,,,
,,,,,,,,,,,
nothing,Chuột Máy Tính Bluetooth Không Dây Siêu Chip PAW3395 Attack Shark X3 PRO Tặng Grip Tape Cảm Biến Cao Cấp,https://shope.ee/8zhTrqDTRM,https://down-vn.img.susercontent.com/file/vn-11134207-7r98o-lo3jkhft2y6277,699k,(bestseller),,,,,,
nothing,Bộ Chia 4 Cổng usb c hub ,https://s.shopee.vn/7zsnZj25os,https://down-vn.img.susercontent.com/file/cn-11134301-7r98o-lkrm97mhygv56f,30k,,,,,,,
,,,,,,,,,,,
nothing,Chuột Gaming Razer DeathAdder Essential | Quang Học 6400 DPI | 5 Nút Lập Trình | Công Tắc,https://s.shopee.vn/2VXLX8Wkwh,https://down-vn.img.susercontent.com/file/vn-11134207-7r98o-lrzjbcy3166xc1,540k,(bestseller),,,,,,
nothing,Chuột gaming không dây sạc pin TEKKIN INPHIC PM6 ,https://shope.ee/9UdlJHKuLZ,https://down-vn.img.susercontent.com/file/vn-11134207-7r98o-lola5lq0drcnc9,120k,,,,,,,
nothing,Foam cao su non dày,https://shope.ee/AKCm3nV4kq,https://down-vn.img.susercontent.com/file/vn-11134207-7r98o-lpwhsk3d9ck2c8,14k,,,,,,,
nothing,Bàn Làm Việc Bàn Gaming Nội Thất nhiều phiên bản,https://s.shopee.vn/2AuV8DSuh7,https://down-vn.img.susercontent.com/file/vn-11134207-7r98o-lvsfb1dj6wl508,300k,(bestseller),,,,,,
nothing,Giá đỡ Laptop chân xoay 360 độ Đế tản nhiệt kê laptop Máy tính bảng ,https://shope.ee/7Ut5hvIRsg,https://down-vn.img.susercontent.com/file/vn-11134207-7r98o-llg9zko1716wea,200k,(bestseller),,,,,,
nothing,Kê tay bàn phím đệm kê cổ tay bằng cao su non memory foam,https://shope.ee/3VMkCpmklu,https://down-vn.img.susercontent.com/file/f2bf803d96cecdcd467650f0b8601af4,100k,(bestseller),,,,,,
nothing,Bộ dụng cụ vệ sinh laptop - máy tính - bàn phím - tai nghe ,https://shope.ee/9KKCUYUnOA,https://down-vn.img.susercontent.com/file/vn-11134207-7r98o-lr9yilhpzxdw84,55k,(bestseller),,,,,,
nothing,Màn hình di động IPS FHD/2.5K  60hz-144hz Type C / HDMI Portable Monitor,https://shope.ee/mfHIJ2Hv,https://down-vn.img.susercontent.com/file/vn-11134207-7r98o-lvjzlrllu2xw1d,1tr7,,,,,,,
,,,,,,,,,,,
,,,,,,,,,,,
,,,,,,,,,,,
nothing,Kit Bàn Phím Cơ Numpad Rời 3 Mảnh Có thể Mod Custom,https://shope.ee/7AG3LOC5e8,https://down-vn.img.susercontent.com/file/vn-11134207-7qukw-lfa3sg17w95j4e,259k,,,,,,,
nothing_wait,tainghechuptaimcQ9,https://shope.ee/8f4dTEEk7K,,,,,,,,,
nothing_wait,taingheHiFiS2000Pro,https://shope.ee/9A0u49Cq6P,,,,,,,,,
,,,,,,,,,,,
,,,,,,,,,,,
nothing_wait,banlamviecchansat,https://shope.ee/3VMVreKGz1,,,,,,,,,
nothing_wait,banlamviecchansat,https://shope.ee/4KvcrBH6IC,,,,,,,,,
nothing_wait,sim tạo tài khoản ảo,https://shope.ee/4KvZd9be6k,,,,,,,,,
nothing_wait,banchaidienHachicoSonic ,https://shope.ee/40ImSZIMyA,,,,,,,,,
nothing_wait,banchaidienMIFANSonicX5,https://shope.ee/4VF33UGSxF,,,,,,,,,
,,,,,,,,,,,
nothing_wait,chuotkodayBluetoothX7,https://shope.ee/7zoxWCqIOB,,,,,,,,,
,,,,,,,,,,,
nothing,Loa vi tính để bàn MC D221 SUPER BASS,https://shope.ee/8pO3fXE6mN,https://down-vn.img.susercontent.com/file/191ae3247ddef6cad0f10a0ff6deaa89,230k,,,,,,,
nothing_wait,Dép đi trong nhà giá rẻ ,https://shope.ee/2fnRsqfVs3,,,,,,,,,
nothing_wait,Dép đi trong nhà giá rẻ ,https://shope.ee/3pzPGzb4VI,,,,,,,,,
nothing_wait,Dép đi bánh mì giá rẻ ,https://shope.ee/3ffz4gbhqH,,,,,,,,,
nothing_wait,Dép đi bánh mì giá rẻ ,https://shope.ee/3VMYsNcLBG,,,,,,,,,
nothing_wait,Giay AF1 giá rẻ  ,https://shope.ee/3L38g4cyWF,,,,,,,,,
nothing_wait,giay Adidas Samba ,https://shope.ee/1qEKtJigYy,,,,,,,,,
nothing_wait,Kem chống nắng DRGBrightening ,https://shope.ee/1fuuh0jJtx,,,,,,,,,
nothing_wait,Kem chống nắng Loreal ,https://shope.ee/1VbUUhjxEw,,,,,,,,,
nothing_wait,Kem chống nắng Skin1004,https://shope.ee/1LI4IOkaZv,,,,,,,,,
nothing_wait,Kem chống nắng LaRochePosay,https://shope.ee/2VU1gXg9DA,,,,,,,,,
nothing_wait,aophongRaglan ,https://shope.ee/2LAbUEgmY9,,,,,,,,,
nothing_wait,aophongamiastore ,https://shope.ee/2ArBHvhPt8,,,,,,,,,
nothing_wait,aophongtayloStussyParis ,https://shope.ee/20Xl5ci3E7,,,,,,,,,
nothing_wait,Kem chống nắng  ,https://shope.ee/603sNRxuLJ,,,,,,,,,
nothing_wait,các chị tham khảo sản phẩm Fixderma thử,https://shope.ee/2fnKrBJ6Od,,,,,,,,,
nothing_wait,Son Bóng Bền Màu NhẹMôi Superstay VinylInkMaybellineNewYork ,https://shope.ee/2fnT1RJz9g,,,,,,,,,
nothing_wait,Son Tint Bóng Ineyoo Luxe dưỡng môi,https://shope.ee/2q6tDkJLoj,,,,,,,,,
nothing_wait,Son Tint lì cho môi căng mọng Hàn Quốc Romand JuicyLastingTint,https://shope.ee/30QJQ3IiTm,,,,,,,,,
nothing_wait,Son Kem 3CE Cho Viền Môi Mờ Ảo Không Lem ,https://shope.ee/3AjjcMI58p,,,,,,,,,
nothing_wait,Son Kem Lì 3CE MịnMàng Như Nhung ,https://shope.ee/4fYXP7CN68,,,,,,,,,
,,,,,,,,,,,
nothing_null,giá đỡ laptop,https://shope.ee/7Ut5havSFQ,,,,,,,,,
,,,,,,,,,,,
,,,,,,,,,,,
,,,,,,,,,,,
,,,,,,,,,,,
switch,Switch Leobog GrayWood V4 ,https://s.shopee.vn/2VXr1wb1GE,https://down-vn.img.susercontent.com/file/vn-11134207-7r98o-lqekdl653gaf5c,2k4,,5 PIN ,Linear 50g ,,tản LED tốt,,
switch,Switch Sillyworks Hyacinth V2U,https://s.shopee.vn/6KkZamRg3t,https://down-vn.img.susercontent.com/file/vn-11134207-7r98o-lsrdwtlhxryc9c,4k9,,Âm siêu hay,Linear,,Không lỏng lẻo,,
switch,Gateron Milky Yellow Pro linear 50g âm trầm,https://shope.ee/4KwIvQhhZx,https://down-vn.img.susercontent.com/file/vn-11134207-7r98o-lqd4lw97j2z68e,3k3 /1,,,,,,,
switch,Switch phím cơ AKKO V3 Lavender Purple Pro/ Matcha Green,https://shope.ee/6zwZsW3x4v,https://down-vn.img.susercontent.com/file/vn-11134207-7r98o-lsiis1wzafno4f,5k /1,,,,,,,
switch,switch quang học fuhen,https://s.shopee.vn/6fMsw1KjZc,https://down-vn.img.susercontent.com/file/a32dfb979addb97de11f8809f836137c,8k/1,,,,,,,
switch,Switch Alien Lime Shaft 5 Pin - Có Pre Lube,https://shope.ee/7Usecco0St,https://down-vn.img.susercontent.com/file/vn-11134207-7r98o-lr6x05d2v1s4e3,3k2 /1,,,,,,,
switch,(Có video sound test) Switch hãng Kalih  KTT Outemu LeoBog  Jixian AKKO Silent,https://shope.ee/9pGk8aHrnM,https://down-vn.img.susercontent.com/file/vn-11134207-7r98o-lpu8lwuh9m1e44,1k-5k,,,,,,,
,,,,,,,,,,,
switch,Switch Outemu Silent Lime Peach Crystal Gray White Yellow  tactile…,https://shope.ee/5AUf5MJYbR,https://down-vn.img.susercontent.com/file/vn-11134207-7r98o-lvbotrmfu9no52,3k7 /1,,,,,,,
,,,,,,,,,,,
,,,,,,,,,,,
switch,Switch MMD Princess Holy Panda v2 ở HCM,https://shope.ee/6ANAirhoS2,https://down-vn.img.susercontent.com/file/vn-11134207-7r98o-lngk7pmjkl4ddf, 3k/1,,,,,,,
switch,Switch MMD Princess 5 PIN Linear 45g Tactile 60g  ở Hà  Nội,https://shope.ee/6KgavAhB73,https://down-vn.img.susercontent.com/file/vn-11134207-7r98o-lqc8hdhr5q2f0d, 2k9/1,,,,,,,
switch,TTC WILD 42g 55g TTC WIND linear ,https://shope.ee/6V0MWOamxp,https://down-vn.img.susercontent.com/file/vn-11134201-23030-gnipuszgtjovbc,15k,,,,,,,
switch,Switch Philikey Yellow Pro 5 Pin - Switch trong suốt 5 Pin,https://shope.ee/7pVV1Emjmv,https://down-vn.img.susercontent.com/file/vn-11134207-7qukw-lfrnoc3g0dpm4c,>2k /1,,,,,,,
switch,Switch Xinmeng Black Plum 5 Pin,https://shope.ee/7fC4ovnN7s,https://down-vn.img.susercontent.com/file/vn-11134207-7r98o-lpezyuc1r4grd2,3k2/1,,,,,,,
,,,,,,,,,,,
,,,,,,,,,,,
,,,,,,,,,,,
,,,,,,,,,,,
,,,,,,,,,,,
,,,,,,,,,,,
,,,,,,,,,,,
noithat,Bàn làm việc,https://s.shopee.vn/6pglYNjkqi,https://down-vn.img.susercontent.com/file/vn-11134207-7r98o-lvsfb1dj6wl508,350k,,,,,,,
noithat,ghế xoay có tựa,https://s.shopee.vn/2qBdMKEuBp,https://down-vn.img.susercontent.com/file/vn-11134207-7r98o-lvsfb1dj6wl508,350k,,,,,,,
noithat,ghế xoay có tựa ,https://s.shopee.vn/2qBdN7hVbW,https://down-vn.img.susercontent.com/file/vn-11134207-7r98o-lvsfb1dj6wl508,350k,,,,,,,
noithat,Rèm giá rẻ,https://s.shopee.vn/3L6tPMIrBL,https://down-vn.img.susercontent.com/file/vn-11134207-7qukw-lhh6ai2eh9s179,50k,,,,,,,
noithat,Ghế bệt tựa lưng ghế tatami 5 nấc,https://s.shopee.vn/2qAhJrwGal,https://down-vn.img.susercontent.com/file/vn-11134207-7r98o-lu9dxr9b1xxt91,230k,,,,,,,
,,,,,,,,,,,
noithat,Ghế xoay văn phòng,https://s.shopee.vn/g6Ck4qrsy,https://down-vn.img.susercontent.com/file/vn-11134207-7r98o-lusteanulgrpff,320k,,,,,,,
noithat,Tai nghe Bluetooth Headphone Havit H662BT Pin 20 tiếng,https://s.shopee.vn/8zlKfrIEFI,https://down-vn.img.susercontent.com/file/vn-11134207-7r98o-ly0jxo6g4pnddb,389k,,,,,,,
noithat,Bàn làm việc,https://s.shopee.vn/5VCs2RXSnM,https://down-cvs-vn.img.susercontent.com/vn-11134207-7r98o-ly0edrcxszbtbb.webp,,,,,,,,
noithat,Tay ghế thay thế ,https://s.shopee.vn/9KTdLUQW7Z,https://down-vn.img.susercontent.com/file/vn-11134207-7ras8-m57eiubjue5y8d.webp,145k,,,,,,,
